Quantity,Name,Finish,Condition,Date Added,Language,Purchase Price,Tags,Edition Name,Edition Code,Multiverse Id,Scryfall ID,Collector Number
1,Aberrant Researcher // Perfected Form,Normal,NM,2025-03-05,EN,,,Innistrad Remastered,inr,685872,41b0eddd-9364-4ca1-ac81-0175dd1387e8,52
1,Aberrant Researcher // Perfected Form,Normal,NM,2025-03-04,EN,,,Innistrad Remastered,inr,687815,10f0a7f3-35b4-44f3-b58f-8a0556a189c9,454
3,Abrade,Normal,NM,2025-03-04,EN,,,Innistrad Remastered,inr,685974,fee393c7-1868-4d11-93c3-3d143e0c8dd9,139
3,Abundant Growth,Normal,NM,2025-03-04,EN,,,Innistrad Remastered,inr,686025,d15adc93-1a71-453b-8277-4a525a9cbc7b,184
1,Abundant Maw,Normal,NM,2025-03-04,EN,,,Innistrad Remastered,inr,685815,c5620c22-910c-4d33-a5e9-4c4eac8c6304,1
1,Aegis Turtle,Normal,NM,2025-03-10,EN,,,Foundations,fdn,679892,c7f2014a-fbc9-447c-a440-e06d01066bb9,150
2,Aim High,Normal,NM,2025-03-04,EN,,,Innistrad Remastered,inr,686026,b28dbf2c-9bfe-42be-be55-1e7fb523df36,185
1,Alchemist's Greeting,Normal,NM,2025-03-06,EN,,,Innistrad Remastered,inr,685975,f36e2146-b6a9-4b61-9ccf-969a2c79b747,140
1,Altered Ego,Normal,NM,2025-03-06,EN,,,Innistrad Remastered,inr,686076,3b913b54-1a5c-4708-95c6-883c0f285d68,228
1,Ambitious Farmhand // Seasoned Cathar,Normal,NM,2025-03-04,EN,,,Innistrad Remastered,inr,685822,36cb9b12-98a3-4770-9ae0-a3b02f057c2e,8
3,Ambush Viper,Normal,NM,2025-03-04,EN,,,Innistrad Remastered,inr,686027,37f9be6b-ae6e-4708-9749-83bebd351102,186
1,Ambush Wolf,Normal,NM,2025-03-08,EN,,,Foundations,fdn,679175,2903832c-318e-42ab-bf58-c682ec2f7afd,98
1,Ancestral Anger,Normal,NM,2025-03-06,EN,,,Innistrad Remastered,inr,685976,eeaca66d-23bd-4e8f-8d4a-c5864dd447be,141
1,Ancestral Anger,Normal,NM,2025-03-04,EN,,,Innistrad Remastered,inr,688228,b1133ebf-bded-4578-a1a4-9092d4546430,394
2,Ancestral Anger,Normal,NM,2025-03-04,EN,,,Innistrad Remastered,inr,685976,eeaca66d-23bd-4e8f-8d4a-c5864dd447be,141
1,Angelfire Ignition,Normal,NM,2025-03-06,EN,,,Innistrad Remastered,inr,686077,84ec79d8-c8de-46be-9d82-5e6bd5de9cad,229
1,Angelic Purge,Normal,NM,2025-03-04,EN,,,Innistrad Remastered,inr,685824,ed2fe361-2885-4fc9-a10f-960cc1ac0fbf,9
1,Angel of Finality,Normal,NM,2025-03-10,EN,,,Foundations,fdn,679878,baaabd52-3aa9-4e2f-9369-d4db8b405ba8,136
1,Angel's Tomb,Normal,NM,2025-03-04,EN,,,Innistrad Remastered,inr,686103,b465d09e-efad-48b6-a89a-f7da0c572991,253
1,An Offer You Can't Refuse,Normal,NM,2025-03-10,EN,,,Foundations,fdn,679902,a829747f-cf9b-4d81-ba66-9f0630ed4565,160
1,Anthem of Champions,Normal,NM,2025-03-09,EN,,,Foundations,fdn,678441,7bf3fcd4-bac8-4cf1-b042-743cfc62e517,344
1,Apothecary Geist,Normal,NM,2025-03-04,EN,,,Innistrad Remastered,inr,685825,a79df1a1-6d60-4e5f-b4d8-668155836bb6,10
1,Apothecary Stomper,Normal,NM,2025-03-07,EN,,,Foundations,fdn,679176,680b7b0c-0e1b-46ce-9917-9fc6e05aa148,99
1,Applejack,Foil,NM,2025-03-12,EN,14.97,,Secret Lair Drop,sld,0,a8f02241-b268-43c8-b69e-bf10c8a9b9ca,1537
1,"Arahbo, the First Fang",Normal,NM,2025-03-08,EN,,,Foundations,fdn,679079,524a5d93-26ed-436d-a437-dc9460acce98,2
1,Archghoul of Thraben,Normal,NM,2025-03-04,EN,,,Innistrad Remastered,inr,685924,687b8e00-80f4-474b-927f-d208a2e8c205,95
1,Archghoul of Thraben,Normal,NM,2025-03-04,EN,,,Innistrad Remastered,inr,688204,88bbc8f7-02f8-45c3-b350-f1c63870106b,370
1,Armasaur Guide,Normal,NM,2025-03-08,EN,,,Foundations,fdn,679080,c80fc380-0499-4499-8a60-c43844c02c9b,3
1,Assimilation Aegis,Normal,NM,2025-03-12,EN,1.23,,Outlaws of Thunder Junction,otj,655133,014bf3c6-e46f-48f8-902f-82deeba260b2,192
1,Asylum Visitor,Normal,NM,2025-03-04,EN,,,Innistrad Remastered,inr,685925,02046824-6c48-40bb-9f0b-4fd280c6ed85,96
1,Avacynian Priest,Normal,NM,2025-03-04,EN,,,Innistrad Remastered,inr,685828,c119b314-c563-4b6b-8bac-a680e69c6b37,12
1,Axgard Cavalry,Normal,NM,2025-03-08,EN,,,Foundations,fdn,679931,fe3cc41a-adae-4c9b-b4d3-03f3ca862fed,189
1,Bake into a Pie,Normal,NM,2025-03-09,EN,,,Foundations,fdn,679911,2ab0e660-86a3-4b92-82fa-77dcb5db947d,169
1,Balefire Dragon,Normal,NM,2025-03-07,EN,,,Innistrad Remastered,inr,688129,e4510ee2-8a2e-4fe5-94af-df420a6a35a0,479
1,Banishing Light,Normal,NM,2025-03-09,EN,,,Foundations,fdn,679880,e38dc3b3-1629-491b-8afd-0e7a9a857713,138
4,Battleground Geist,Normal,NM,2025-03-04,EN,,,Innistrad Remastered,inr,685874,3507e285-fabb-45e3-af4c-52032558cf03,53
1,Battlesong Berserker,Normal,NM,2025-03-09,EN,,,Foundations,fdn,679155,a1f8b199-5d62-485f-b1c3-b30aa550595b,78
1,Bedlam Reveler,Normal,NM,2025-03-04,EN,,,Innistrad Remastered,inr,685977,4780d9d6-b5a2-4646-bd63-48ec58fea6b2,142
1,Bedlam Reveler,Normal,NM,2025-03-04,EN,,,Innistrad Remastered,inr,685678,ac1a0411-8feb-44e9-be5a-1a6be77f480b,312
1,Billowing Shriekmass,Normal,NM,2025-03-08,EN,,,Foundations,fdn,679133,7b3587a9-0667-4d53-807b-c437bcb1d7b3,56
1,Biolume Egg // Biolume Serpent,Foil,NM,2025-03-05,EN,,,Innistrad Remastered,inr,685875,009c8a91-8c73-4e3f-9955-45344ae07832,54
1,Bladestitched Skaab,Normal,NM,2025-03-04,EN,,,Innistrad Remastered,inr,686080,af14d311-0fd5-4979-bc46-1421472c3b0a,231
1,Blazing Torch,Normal,NM,2025-03-06,EN,,,Innistrad Remastered,inr,686104,ea2d3a1c-287e-4b85-8f3d-25fdcf79f47b,254
2,Blazing Torch,Normal,NM,2025-03-04,EN,,,Innistrad Remastered,inr,686104,ea2d3a1c-287e-4b85-8f3d-25fdcf79f47b,254
1,Blood Artist,Normal,NM,2025-03-06,EN,,,Innistrad Remastered,inr,685926,036f387a-8dee-482e-b3e3-cf79b54c61e1,97
1,Bloodhall Priest,Foil,NM,2025-03-05,EN,,,Innistrad Remastered,inr,686081,b4ea5e44-0487-4e72-983a-02d7db26d075,232
1,Bloodmad Vampire,Foil,NM,2025-03-04,EN,,,Innistrad Remastered,inr,685980,8a9747c1-ef2c-4c61-9529-abfb6ae0f964,145
2,Bloodmad Vampire,Normal,NM,2025-03-04,EN,,,Innistrad Remastered,inr,685980,8a9747c1-ef2c-4c61-9529-abfb6ae0f964,145
2,Blood Mist,Normal,NM,2025-03-04,EN,,,Innistrad Remastered,inr,685978,2c01ef93-f41a-406f-91fc-f015b6014575,143
1,Blood Mist,Normal,NM,2025-03-04,EN,,,Innistrad Remastered,inr,688229,a37e66ce-6044-4a41-8e5b-eb5dbf42e9f4,395
1,Blood Petal Celebrant,Normal,NM,2025-03-05,EN,,,Innistrad Remastered,inr,685979,96db3d95-c0b8-42ff-956c-837f5f9cd40d,144
2,Blood Petal Celebrant,Normal,NM,2025-03-04,EN,,,Innistrad Remastered,inr,685979,96db3d95-c0b8-42ff-956c-837f5f9cd40d,144
1,Bloodtithe Harvester,Normal,NM,2025-03-04,EN,,,Innistrad Remastered,inr,686082,ae4aec0d-c853-44e6-9f51-cbecf413ea14,233
1,Boarded Window,Normal,NM,2025-03-04,EN,,,Innistrad Remastered,inr,686105,21827378-cd7b-4be7-9a1f-bbe82885496d,255
1,Boarded Window,Normal,NM,2025-03-04,EN,,,Innistrad Remastered,inr,688273,9527ae28-341a-402d-bbf2-96d9cdb7fcd4,439
1,Boltwave,Normal,NM,2025-03-09,EN,,,Foundations,fdn,679156,8d1ec351-5e70-4eb2-b590-6bff94ef8178,79
1,Borrowed Hostility,Normal,NM,2025-03-04,EN,,,Innistrad Remastered,inr,685981,64185203-9d47-4d67-b433-1c4b09816a35,146
1,Borrowed Hostility,Normal,NM,2025-03-04,EN,,,Innistrad Remastered,inr,688230,a3684fcb-6fb0-40b0-ac43-11f664868a5c,396
4,Bound by Moonsilver,Normal,NM,2025-03-04,EN,,,Innistrad Remastered,inr,685829,647f5c2f-3ced-4397-a366-6f0e57582566,13
1,Bound by Moonsilver,Normal,NM,2025-03-04,EN,,,Innistrad Remastered,inr,688169,8435da1b-b814-4335-8850-396a6fdf0a23,335
2,Bramble Wurm,Normal,NM,2025-03-04,EN,,,Innistrad Remastered,inr,686028,7ed00113-a0d7-4825-b066-f911a1ffb900,187
1,Burglar Rat,Normal,NM,2025-03-10,EN,,,Foundations,fdn,679912,de1c8758-ce3d-49cf-8173-c0eb46f5e7bc,170
1,Burning Vengeance,Normal,NM,2025-03-04,EN,,,Innistrad Remastered,inr,685982,389c7393-a10d-48c0-8b64-73faa8f7d3d4,147
1,Burst Lightning,Normal,NM,2025-03-10,EN,,,Foundations,fdn,679934,aec5d380-d354-4750-931a-6c91853e2edc,192
1,Bushwhack,Normal,NM,2025-03-07,EN,,,Foundations,fdn,679957,03ebdb36-55e0-49dd-a514-785fbeb4ae19,215
3,Butcher Ghoul,Normal,NM,2025-03-04,EN,,,Innistrad Remastered,inr,685929,c4ef03c8-2047-4170-9ac4-f26cc14ebf96,99
1,Butcher's Cleaver,Normal,NM,2025-03-07,EN,,,Innistrad Remastered,inr,686106,3c55bce1-8746-4554-9876-f443c37a125b,256
1,Cackling Counterpart,Normal,NM,2025-03-04,EN,,,Innistrad Remastered,inr,685877,a865fdc5-955a-4c4a-90c0-342c15fd7bbc,55
1,Cackling Prowler,Normal,NM,2025-03-10,EN,,,Foundations,fdn,679178,1bd8e971-c075-4203-8d83-c28f22d4f9b9,101
1,Cathar Commando,Normal,NM,2025-03-08,EN,,,Foundations,fdn,679881,19cf024d-edb6-4a79-8676-73f8db0cdf1f,139
1,Cathar Commando,Normal,NM,2025-03-07,EN,,,Innistrad Remastered,inr,685831,7cd21530-ca72-4986-a0f2-142b9f23c413,15
2,Cathar Commando,Normal,NM,2025-03-04,EN,,,Innistrad Remastered,inr,685831,7cd21530-ca72-4986-a0f2-142b9f23c413,15
1,Cathar's Call,Normal,NM,2025-03-04,EN,,,Innistrad Remastered,inr,685832,ffa1da29-08bd-431c-ae99-525a071dba23,16
1,Chalice of Life // Chalice of Death,Normal,NM,2025-03-04,EN,,,Innistrad Remastered,inr,686107,e432b156-baf0-48a1-b8fb-1aa18bfbf7de,257
1,Claws Out,Normal,NM,2025-03-08,EN,,,Foundations,fdn,679083,4396049c-b976-4b7f-8ecd-564e24ebd631,6
1,Cobbled Lancer,Normal,NM,2025-03-06,EN,,,Innistrad Remastered,inr,685878,ad933b4d-e1e7-49cc-aa18-8eee2ec8c8a5,56
1,Cobbled Wings,Normal,NM,2025-03-06,EN,,,Innistrad Remastered,inr,686109,e8bb16f6-71b2-4338-a546-27f37f50e811,258
2,Cobbled Wings,Normal,NM,2025-03-04,EN,,,Innistrad Remastered,inr,686109,e8bb16f6-71b2-4338-a546-27f37f50e811,258
1,Collective Brutality,Normal,NM,2025-03-06,EN,,,Innistrad Remastered,inr,685931,ae35b6c5-3bfd-483e-9c85-58629b717d7f,101
1,Collective Defiance,Normal,NM,2025-03-04,EN,,,Innistrad Remastered,inr,685984,17d512c0-fc02-419f-90f2-a6acc7815bd4,149
1,Compelling Deterrence,Normal,NM,2025-03-04,EN,,,Innistrad Remastered,inr,685879,62ffc952-b763-4b9e-acdf-164253bdfe72,57
2,Conduit of Storms // Conduit of Emrakul,Normal,NM,2025-03-04,EN,,,Innistrad Remastered,inr,685985,a60c3aa0-9c6b-4fb2-8ece-b9a02c64c1cf,150
1,Conjurer's Closet,Normal,NM,2025-03-06,EN,,,Innistrad Remastered,inr,688275,9aca326e-ed55-4df2-a930-c9d0cf31d973,441
1,Consuming Aberration,Normal,NM,2025-03-10,EN,,,Foundations,fdn,679980,bc2b28fd-66b0-457c-80ea-7caed2cc7926,238
1,Courageous Goblin,Normal,NM,2025-03-08,EN,,,Foundations,fdn,679159,8db6819c-666a-409d-85a5-b9ac34d8dd2f,82
1,Covetous Castaway // Ghostly Castigator,Normal,NM,2025-03-04,EN,,,Innistrad Remastered,inr,685880,4ff66f14-aee6-4ad2-be70-1c9bb39089b3,58
1,Crackling Cyclops,Normal,NM,2025-03-07,EN,,,Foundations,fdn,679160,6e5b899a-52f7-471b-ad50-4fa6566758fd,83
1,Crawl from the Cellar,Normal,NM,2025-03-06,EN,,,Innistrad Remastered,inr,688210,723d39c7-a296-4c85-94b3-1f0b3aa20bf5,376
4,Crawl from the Cellar,Normal,NM,2025-03-04,EN,,,Innistrad Remastered,inr,685932,79563dd1-640c-4ebd-a347-0b71439b79d3,102
3,Crusader of Odric,Normal,NM,2025-03-04,EN,,,Innistrad Remastered,inr,685834,d6ae6566-3df8-4e09-b487-f0362622ca04,18
1,Cryptolith Fragment // Aurora of Emrakul,Normal,NM,2025-03-04,EN,,,Innistrad Remastered,inr,686111,262b7b55-0b32-4c4f-a2ca-02f0b83fa7a2,260
1,Curator of Destinies,Normal,NM,2025-03-10,EN,,,Foundations,fdn,679111,9ff79da7-c3f7-4541-87a0-503544c699b5,34
1,Dauntless Cathar,Normal,NM,2025-03-04,EN,,,Innistrad Remastered,inr,685835,b680d42c-8198-43b0-b934-2add08a02bbc,19
1,Dawnhart Disciple,Normal,NM,2025-03-06,EN,,,Innistrad Remastered,inr,686032,4463b28a-c2c9-4cbf-951e-e3ce6b1f14cb,191
2,Dawnhart Disciple,Normal,NM,2025-03-04,EN,,,Innistrad Remastered,inr,686032,4463b28a-c2c9-4cbf-951e-e3ce6b1f14cb,191
1,Deadeye Navigator,Normal,NM,2025-03-04,EN,,,Innistrad Remastered,inr,685882,4f0791b5-fdb4-4378-8fd3-7e7367ffc05c,59
1,Deadly Allure,Normal,NM,2025-03-04,EN,,,Innistrad Remastered,inr,685933,7f07cf72-7f2e-44cc-8966-93463974220a,103
1,Deathcap Glade,Normal,NM,2025-03-05,EN,,,Innistrad Remastered,inr,686129,2f20e738-bab6-4000-afca-9fc9e4261c34,275
1,Decimator of the Provinces,Normal,NM,2025-03-04,EN,,,Innistrad Remastered,inr,685816,80fc51aa-64ca-4236-8cdb-670533b75f59,2
1,Delver of Secrets // Insectile Aberration,Normal,NM,2025-03-05,EN,,,Innistrad Remastered,inr,685883,6904ea20-e504-47da-95a0-08739fdde260,60
1,Demonic Taskmaster,Normal,NM,2025-03-04,EN,,,Innistrad Remastered,inr,685934,af33e187-b535-49ac-90fa-17a5ed72d920,104
2,Deranged Assistant,Normal,NM,2025-03-04,EN,,,Innistrad Remastered,inr,685885,3960ed42-b3e7-4464-b345-1b9b22719efc,61
1,Desperate Farmer // Depraved Harvester,Normal,NM,2025-03-07,EN,,,Innistrad Remastered,inr,685935,0ec488de-fded-4df9-97ed-ba46cbacfdbf,105
2,Desperate Farmer // Depraved Harvester,Normal,NM,2025-03-04,EN,,,Innistrad Remastered,inr,685935,0ec488de-fded-4df9-97ed-ba46cbacfdbf,105
1,Distended Mindbender,Normal,NM,2025-03-04,EN,,,Innistrad Remastered,inr,685817,7c1980d6-1daa-44f0-a6b5-0458d84894db,3
1,Divine Arrow,Normal,LP,2025-03-12,RU,,,War of the Spark,war,460937,73cbb58a-1b00-4883-9b45-da7ded7317e3,10
2,Divine Arrow,Normal,LP,2025-03-12,JP,,,War of the Spark,war,460937,73cbb58a-1b00-4883-9b45-da7ded7317e3,10
2,Divine Arrow,Normal,LP,2025-03-12,EN,,,War of the Spark,war,460937,73cbb58a-1b00-4883-9b45-da7ded7317e3,10
1,Docent of Perfection // Final Iteration,Normal,NM,2025-03-04,EN,,,Innistrad Remastered,inr,685886,96658239-3169-42ef-9983-cd4da24e0f4c,62
3,Double-Faced Substitute Card,Normal,NM,2025-03-06,EN,,,Modern Horizons 3 Substitute Cards,smh3,0,d96ed5bd-b45c-4de0-99f7-aeb4071a80a2,1
1,Drake Hatcher,Foil,NM,2025-03-08,EN,,,Foundations,fdn,679112,bcaf4196-6bf3-47fa-b5c7-0e77f45cf820,35
1,Drogskol Shieldmate,Normal,NM,2025-03-04,EN,,,Innistrad Remastered,inr,685836,ba94ea90-66e5-4fd2-80fd-4baec5f8a1e4,20
1,Drunau Corpse Trawler,Normal,NM,2025-03-04,EN,,,Innistrad Remastered,inr,685888,11b29a06-c1e1-4d81-ac50-906c94617abe,63
1,Duel for Dominance,Normal,NM,2025-03-05,EN,,,Innistrad Remastered,inr,686033,c823ffae-4967-4a5d-a5d5-f00c25262e4f,192
2,Duel for Dominance,Normal,NM,2025-03-04,EN,,,Innistrad Remastered,inr,686033,c823ffae-4967-4a5d-a5d5-f00c25262e4f,192
1,Duskwatch Recruiter // Krallenhorde Howler,Normal,NM,2025-03-06,EN,,,Innistrad Remastered,inr,688901,8fc0e32a-552a-4208-a8ca-2cd3bdd70989,323
2,Eaten Alive,Normal,NM,2025-03-04,EN,,,Innistrad Remastered,inr,685937,143d278d-d99b-42da-9fbd-9ab70526d53a,106
1,Eccentric Farmer,Normal,NM,2025-03-04,EN,,,Innistrad Remastered,inr,686036,fe2a1718-eae1-4330-b494-c3088b992aae,194
3,Ecstatic Awakener // Awoken Demon,Normal,NM,2025-03-04,EN,,,Innistrad Remastered,inr,685938,abd587d8-2f71-4b3c-960a-d362133e967b,107
2,Edgar's Awakening,Normal,NM,2025-03-04,EN,,,Innistrad Remastered,inr,685940,b2ff8b0a-f424-4a8d-a682-848bf1f3b07b,108
1,Elementalist Adept,Normal,NM,2025-03-10,EN,,,Foundations,fdn,679113,d9768cc6-8f53-4922-ae32-376a2f32d719,36
1,Elfsworn Giant,Normal,NM,2025-03-08,EN,,,Foundations,fdn,679180,5128a5be-ffa6-4998-8488-872d80b24cb2,103
1,"Emrakul, the Promised End",Normal,NM,2025-03-06,EN,,,Innistrad Remastered,inr,688164,3183897e-4f86-4020-b149-cc4c2451a6c0,330
1,Epitaph Golem,Normal,NM,2025-03-04,EN,,,Innistrad Remastered,inr,686114,202125f5-9182-436f-86df-701cdc7e60ce,262
1,Essence Flux,Normal,NM,2025-03-06,EN,,,Innistrad Remastered,inr,685889,c94b37df-aaa5-4981-be3b-c934a7971123,64
1,Essence Flux,Normal,NM,2025-03-04,EN,,,Innistrad Remastered,inr,688188,be9cb87e-d741-4f17-bbb7-f6d2292f820f,354
2,Essence Flux,Normal,NM,2025-03-04,EN,,,Innistrad Remastered,inr,685889,c94b37df-aaa5-4981-be3b-c934a7971123,64
1,Evolving Wilds,Normal,NM,2025-03-08,EN,,,Foundations,fdn,680004,3a0b9356-5b91-4542-8802-f0f7275238e1,262
1,Evolving Wilds,Foil,NM,2025-03-04,EN,,,Innistrad Remastered,inr,686132,e3056678-4ef0-4847-af08-df218ef5fb2b,278
1,Exsanguinate,Normal,NM,2025-03-10,EN,,,Foundations,fdn,679915,f11d7311-4066-4a5d-ba28-9857fa707a0b,173
1,Faebloom Trick,Normal,NM,2025-03-10,EN,,,Foundations,fdn,679115,0c3bee8f-f5be-4404-a696-c902637799c3,38
3,Faithless Looting,Normal,NM,2025-03-04,EN,,,Innistrad Remastered,inr,685987,52e47757-0aa9-48b0-8b43-e2483d7eed67,151
1,Faith Unbroken,Normal,NM,2025-03-04,EN,,,Innistrad Remastered,inr,685837,514df7e7-3050-41ce-bd44-f215bbcfd1c5,21
1,Fake Your Own Death,Normal,NM,2025-03-10,EN,,,Foundations,fdn,679916,693635a6-df50-44c5-9598-0c79b45d4df4,174
1,Falkenrath Torturer,Normal,NM,2025-03-04,EN,,,Innistrad Remastered,inr,685941,e0e896a7-fd51-4c24-b374-c4eace9ed1a2,109
1,Festerhide Boar,Normal,NM,2025-03-04,EN,,,Innistrad Remastered,inr,686038,b401dba6-c26e-45c1-b10a-12116fb1cb4e,196
1,Festival Crasher,Foil,NM,2025-03-04,EN,,,Innistrad Remastered,inr,685989,d8d050c1-ae0c-46c1-8aa7-7cde4606105b,153
2,Festival Crasher,Normal,NM,2025-03-04,EN,,,Innistrad Remastered,inr,685989,d8d050c1-ae0c-46c1-8aa7-7cde4606105b,153
1,Fiend Hunter,Normal,NM,2025-03-06,EN,,,Innistrad Remastered,inr,688174,ea329d8b-b658-4a52-b86e-b47b1786fa3e,340
1,Fiend Hunter,Normal,NM,2025-03-04,EN,,,Innistrad Remastered,inr,685838,f606cf4d-e29b-415a-956c-b148045c44e9,22
1,Fiery Temper,Normal,NM,2025-03-04,EN,,,Innistrad Remastered,inr,685990,1d3a3a1d-c393-4a57-8a0e-5907d1722331,154
1,Firebrand Archer,Normal,NM,2025-03-10,EN,,,Foundations,fdn,679938,fe0312f1-4c98-4b7f-8a34-0059ea80edef,196
1,Fleeting Flight,Normal,NM,2025-03-09,EN,,,Foundations,fdn,679090,55139100-9342-41fd-b10a-8e9932e605d4,13
1,Fleshtaker,Normal,NM,2025-03-06,EN,,,Innistrad Remastered,inr,686084,4b9bf7a7-28f8-410e-86d3-5637e473a5a1,235
1,Fluttershy,Foil,NM,2025-03-12,EN,13.90,,Secret Lair Drop,sld,0,ad9c0698-aaa3-4aef-b1a6-0963e10cd94b,1538
1,Followed Footsteps,Normal,LP,2025-03-12,EN,1.00,,Conspiracy: Take the Crown,cn2,416868,fe153c49-da2d-42b0-a6d1-77508b0fe8a9,111
1,Forbidden Alchemy,Foil,NM,2025-03-04,EN,,,Innistrad Remastered,inr,685890,c179a72e-2956-43d3-810c-7eeca8d3ab0d,65
2,Forbidden Alchemy,Normal,NM,2025-03-04,EN,,,Innistrad Remastered,inr,685890,c179a72e-2956-43d3-810c-7eeca8d3ab0d,65
4,Force of Negation,Normal,NM,2025-03-08,EN,,,Modern Horizons,mh1,464001,e9be371c-c688-44ad-ab71-bd4c9f242d58,52
1,Forest,Normal,NM,2025-03-07,EN,,,Foundations,fdn,677869,d232fcc2-12f6-401a-b1aa-ddff11cb9378,280
1,Forest,Normal,NM,2025-03-07,EN,,,Foundations,fdn,677809,bbbeb57d-5fa0-4ff7-b5e8-caafc139669b,290
1,Forest,Normal,NM,2025-03-07,EN,,,Foundations,fdn,677870,ab8affbb-d2a2-436b-bbc2-9e8b6cf0d2c4,281
1,Forest,Normal,NM,2025-03-07,EN,,,Foundations,fdn,677810,117ab60a-b888-4585-b0c6-769d387069f7,291
1,Forest,Normal,NM,2025-03-04,EN,,,Innistrad Remastered,inr,685613,7afdc917-ec37-4e03-853f-36cfe90053d9,297
2,Forest,Normal,NM,2025-03-06,EN,,,Commander Anthology Volume II,cm2,447044,eea3cb6c-57b5-4ea5-8639-30d39962df2d,308
3,Forest,Normal,NM,2025-03-06,EN,,,Commander Anthology Volume II,cm2,447045,e160ed28-7752-486e-85bb-bbff03642c67,309
2,Forest,Normal,NM,2025-03-06,EN,,,Commander Anthology Volume II,cm2,447042,99eb81c1-0607-456b-8030-e6110776e0e2,306
2,Forest,Normal,NM,2025-03-06,EN,,,Commander Anthology Volume II,cm2,447048,79a5c57d-aca1-4951-adb6-a2f508d43071,312
2,Forest,Normal,NM,2025-03-06,EN,,,Commander Anthology Volume II,cm2,447046,3b1153ac-e4de-43a4-ae39-ca22a4f571da,310
2,Forest,Normal,NM,2025-03-06,EN,,,Commander Anthology Volume II,cm2,447043,34f9571c-b61c-4bc7-ac98-f6c80c47ea7d,307
2,Forest,Normal,NM,2025-03-06,EN,,,Commander Anthology Volume II,cm2,447047,2a4c27b7-9695-479f-a5b6-bae63a76629e,311
1,Forest,Normal,NM,2025-03-04,EN,,,Innistrad Remastered,inr,685612,a7cdabc9-39d6-4380-8e14-e7792d7463dd,296
1,Furyblade Vampire,Normal,NM,2025-03-05,EN,,,Innistrad Remastered,inr,685991,95a38a53-d83a-4df7-8caa-40995b0c4235,155
1,Galvanic Juggernaut,Normal,NM,2025-03-04,EN,,,Innistrad Remastered,inr,686115,9cc1c735-22ad-4714-84e7-253df00941fa,263
1,"Garruk Relentless // Garruk, the Veil-Cursed",Normal,NM,2025-03-04,EN,,,Innistrad Remastered,inr,686039,6897514f-e396-46d6-91e3-158366c741bb,197
1,Garruk's Horde,Normal,NM,2025-03-12,EN,0.50,,Magic 2014,m14,370684,88b24651-1814-440e-a415-a96c03e51544,173
3,Gather the Townsfolk,Normal,NM,2025-03-04,EN,,,Innistrad Remastered,inr,685839,81bd1cd0-fa8c-4e93-aebe-dfde70ac002b,23
1,Geier Reach Bandit // Vildin-Pack Alpha,Normal,NM,2025-03-04,EN,,,Innistrad Remastered,inr,685992,f0af234d-ce14-49ac-b877-00b0dd1f11e2,156
1,Geistcatcher's Rig,Normal,NM,2025-03-04,EN,,,Innistrad Remastered,inr,686116,0b8f741c-919e-457d-8a02-c7282c1305ec,264
1,Geistlight Snare,Normal,NM,2025-03-07,EN,,,Innistrad Remastered,inr,685891,293511f6-09c2-4311-a2a6-0b0b7ef65bef,66
1,Ghoultree,Normal,NM,2025-03-04,EN,,,Innistrad Remastered,inr,686041,9c99fe73-5fe1-4fcb-8099-73c4a6fd0d35,198
1,Ghoultree,Normal,NM,2025-03-04,EN,,,Innistrad Remastered,inr,688245,d3d93765-3161-4a6b-8495-4fb6cb806310,411
2,Gisa's Bidding,Normal,NM,2025-03-04,EN,,,Innistrad Remastered,inr,685943,5ad2fdbf-4a68-42e8-9c4f-7a075261ddf8,111
1,Gleaming Barrier,Normal,NM,2025-03-08,EN,,,Foundations,fdn,679994,1b49b009-e6f2-494a-9235-f5c25c2d70a9,252
1,Gluttonous Guest,Normal,NM,2025-03-04,EN,,,Innistrad Remastered,inr,685944,25e98125-6c36-4571-afc5-2d018750eb57,112
1,Gnarlid Colony,Normal,NM,2025-03-10,EN,,,Foundations,fdn,679966,47565d10-96bf-4fb0-820f-f20a44a76b6f,224
1,Goblin Boarders,Normal,NM,2025-03-09,EN,,,Foundations,fdn,679164,4409a063-bf2a-4a49-803e-3ce6bd474353,87
1,Goldvein Pick,Normal,NM,2025-03-09,EN,,,Foundations,fdn,679995,a241317d-2277-467e-a8f9-aa71c944e244,253
1,Gorehorn Raider,Normal,NM,2025-03-10,EN,,,Foundations,fdn,679166,78ce6c40-3452-4aa0-a45b-dbfd70f8d220,89
1,Graf Rats,Normal,NM,2025-03-04,EN,,,Innistrad Remastered,inr,685945,f830ede6-ddbf-49b9-80cd-e3dbeccbf208,113
1,Grapple with the Past,Normal,NM,2025-03-06,EN,,,Innistrad Remastered,inr,688246,eee02fa9-10a2-4fed-b825-612c52bed9e6,412
1,Grapple with the Past,Normal,NM,2025-03-05,EN,,,Innistrad Remastered,inr,686042,06e0c180-2275-461a-86e7-8ccdc5f47938,199
3,Grapple with the Past,Normal,NM,2025-03-04,EN,,,Innistrad Remastered,inr,686042,06e0c180-2275-461a-86e7-8ccdc5f47938,199
1,"Grimgrin, Corpse-Born",Normal,NM,2025-03-04,EN,,,Innistrad Remastered,inr,686088,3c257fe6-1038-4167-ae78-90309974b925,239
1,Grim Tutor,Normal,NM,2025-03-10,EN,,,Special Guests,spg,0,2449eab9-b05e-40b6-adac-9132007a1af1,76
1,Griselbrand,Normal,NM,2025-03-04,EN,,,Innistrad Remastered,inr,685947,4069e510-f3f3-4668-9f13-3546fa9bc7c3,115
1,Grizzled Angler // Grisly Anglerfish,Normal,NM,2025-03-04,EN,,,Innistrad Remastered,inr,685892,16c0bb08-36b3-41e2-a5a9-2fcd6bb49beb,67
1,Grizzly Ghoul,Normal,NM,2025-03-05,EN,,,Innistrad Remastered,inr,686089,2581106f-13fc-4b47-8a91-aa74c4f46ecd,240
1,Groundskeeper,Normal,NM,2025-03-04,EN,,,Innistrad Remastered,inr,686043,7bbc04ba-8814-4f6f-ab83-488aa5eb30c9,200
1,Grow from the Ashes,Normal,NM,2025-03-10,EN,,,Foundations,fdn,679967,42525f8a-aee7-4811-8f05-471b559c2c4a,225
1,Gryff's Boon,Normal,NM,2025-03-04,EN,,,Innistrad Remastered,inr,685841,a01e7a3f-9654-4f72-8adc-20dad0b5d14e,25
1,Guarded Heir,Normal,NM,2025-03-09,EN,,,Foundations,fdn,679091,525ba5c7-3ce5-4e52-b8b5-96c9040a6738,14
1,Guardian of Pilgrims,Normal,NM,2025-03-04,EN,,,Innistrad Remastered,inr,685842,f87b5e18-d1a9-424b-bec5-6a80f7699600,26
1,Gutless Plunderer,Normal,NM,2025-03-10,EN,,,Foundations,fdn,679137,909d7778-c7f8-4fa4-89f2-8b32e86e96e4,60
1,Hall of Oracles,Normal,NM,2025-03-12,EN,0.30,,Strixhaven: School of Mages,stx,513759,7642dddd-4461-46dd-b396-9e0a89f7232e,267
1,Hamlet Captain,Normal,NM,2025-03-04,EN,,,Innistrad Remastered,inr,686044,06e5d76a-0cec-40e0-b694-2b5c8484f6c0,201
1,Hanweir Battlements,Normal,NM,2025-03-04,EN,,,Innistrad Remastered,inr,686133,8c0acb91-edfc-43a5-af77-6614327fce43,279
1,Hanweir Garrison,Normal,NM,2025-03-07,EN,,,Innistrad Remastered,inr,685994,1811b4fa-fed6-46ea-a6de-bb7624a5b1de,157a
1,Hanweir Watchkeep // Bane of Hanweir,Normal,NM,2025-03-06,EN,,,Innistrad Remastered,inr,685995,d067706b-e2cc-4ad5-b992-28222a8af4ad,158
2,Hanweir Watchkeep // Bane of Hanweir,Normal,NM,2025-03-04,EN,,,Innistrad Remastered,inr,685995,d067706b-e2cc-4ad5-b992-28222a8af4ad,158
1,Hare Apparent,Normal,NM,2025-03-10,EN,,,Foundations,fdn,679092,9fc6f0e9-eb5f-4bc0-b3d7-756644b66d12,15
1,Harvest Hand // Scrounged Scythe,Foil,NM,2025-03-04,EN,,,Innistrad Remastered,inr,686117,6f29b655-f70f-4b30-9253-c7944bfee524,265
2,Harvest Hand // Scrounged Scythe,Normal,NM,2025-03-04,EN,,,Innistrad Remastered,inr,686117,6f29b655-f70f-4b30-9253-c7944bfee524,265
1,Haunted Dead,Normal,NM,2025-03-04,EN,,,Innistrad Remastered,inr,688216,db15f7e6-a4fa-4dd5-b072-37fc213c99d0,382
1,Haunted Dead,Normal,NM,2025-03-04,EN,,,Innistrad Remastered,inr,685948,49fae417-c4f4-478c-86c4-83094306b8d4,116
1,Haunted Ridge,Normal,NM,2025-03-07,EN,,,Innistrad Remastered,inr,686134,32f1e668-89b8-4f82-afc1-6c3efb1fef3b,280
1,Healer's Hawk,Normal,NM,2025-03-10,EN,,,Foundations,fdn,679884,cc8e4563-04bb-46b5-835e-64ba11c0e972,142
1,Heartfire Immolator,Normal,NM,2025-03-10,EN,,,Foundations,fdn,679943,3ca38f4d-01f5-4a02-9000-01261a440dbf,201
1,Heartless Summoning,Normal,NM,2025-03-07,EN,,,Innistrad Remastered,inr,688217,fbac3bc3-e4b7-4320-b7b9-eaebc9cf829e,383
1,Hermit Druid,Normal,NM,2025-03-05,EN,,,Innistrad Remastered,inr,686045,39c66895-9c2d-49db-8261-e300a69b6cd5,202
1,Heroic Reinforcements,Normal,NM,2025-03-08,EN,,,Foundations,fdn,679983,6a05e8d5-c2ad-489a-888d-22622886b620,241
2,Hinterland Logger // Timber Shredder,Normal,NM,2025-03-06,EN,,,Innistrad Remastered,inr,686046,34898af1-ebe6-4ede-81be-23fd62844480,203
1,Hinterland Logger // Timber Shredder,Normal,NM,2025-03-04,EN,,,Innistrad Remastered,inr,686046,34898af1-ebe6-4ede-81be-23fd62844480,203
1,Holy Mantle,Normal,LP,2025-03-12,EN,0.29,,Gatecrash,gtc,366368,95567596-c5b1-426f-bc2c-43306f7221b0,17
1,Honeymoon Hearse,Normal,NM,2025-03-05,EN,,,Innistrad Remastered,inr,685997,41867811-cc23-4841-bb85-2c0146e509fc,159
1,Hungry Ridgewolf,Normal,NM,2025-03-04,EN,,,Innistrad Remastered,inr,685998,770fc080-ac42-4a5a-846f-6e49b4aaf4ba,160
1,Huntmaster of the Fells // Ravager of the Fells,Normal,NM,2025-03-04,EN,,,Innistrad Remastered,inr,688905,86da891f-08d0-459c-9d20-358032c6411a,325
1,Huntmaster of the Fells // Ravager of the Fells,Normal,NM,2025-03-04,EN,,,Innistrad Remastered,inr,686090,b3819a11-2f3e-4304-a1b0-6abf893c89c5,241
1,Hydroelectric Specimen // Hydroelectric Laboratory,Normal,LP,2025-03-12,EN,0.50,,Modern Horizons 3,mh3,661759,8689ecd7-e9a6-458b-99d2-6dbaca527f00,240
1,Imprisoned in the Moon,Normal,NM,2025-03-08,EN,,,Foundations,fdn,679898,ee28e147-6622-4399-a314-c14a5c912dd0,156
2,Imprisoned in the Moon,Normal,NM,2025-03-04,EN,,,Innistrad Remastered,inr,685895,0d150547-09f5-45ce-a825-89944b066bd4,69
1,Imprisoned in the Moon,Normal,NM,2025-03-04,EN,,,Innistrad Remastered,inr,688192,f21dc6da-b310-471b-b26a-e2806c03eaf0,358
1,Indulgent Aristocrat,Normal,NM,2025-03-05,EN,,,Innistrad Remastered,inr,685950,07015524-874f-4856-a5c1-3148bd126886,118
1,Indulgent Aristocrat,Normal,NM,2025-03-04,EN,,,Innistrad Remastered,inr,688218,fc9ea34e-0a89-42e7-a1b2-575c201a837b,384
1,Infernal Grasp,Normal,NM,2025-03-04,EN,,,Innistrad Remastered,inr,685951,e2b74630-1768-4b02-b7ca-37cd35ede6cf,119
1,Infestation Sage,Normal,NM,2025-03-09,EN,,,Foundations,fdn,679141,d40c73de-7a5f-46f2-a70b-449bc8ecfe24,64
1,Inspiration from Beyond,Normal,NM,2025-03-10,EN,,,Foundations,fdn,679120,b636fe95-664f-4fb1-aab9-28856edeccd6,43
1,Inspiring Captain,Normal,NM,2025-03-04,EN,,,Innistrad Remastered,inr,685844,fb56d6ab-50bf-4407-9f30-595ef7ae9492,28
1,Inspiring Paladin,Foil,NM,2025-03-10,EN,,,Foundations,fdn,679095,0763be06-25b2-4d6b-ab33-a1af85aeb443,18
1,Intangible Virtue,Normal,NM,2025-03-04,EN,,,Innistrad Remastered,inr,685845,716d82a1-fb5d-4607-b1fa-e8e9edd4dd77,29
3,Intrepid Provisioner,Normal,NM,2025-03-04,EN,,,Innistrad Remastered,inr,686049,fb0b9da3-bce8-463c-ab5e-2a2e9030df97,205
1,Involuntary Employment,Normal,NM,2025-03-08,EN,,,Foundations,fdn,679945,f3ad3d62-2f24-4562-b3fa-809213dbc4a4,203
1,Island,Normal,NM,2025-03-07,EN,,,Foundations,fdn,677864,23635e40-d040-40b7-8b98-90ed362aa028,275
1,Island,Normal,NM,2025-03-07,EN,,,Foundations,fdn,677863,17e2b637-72b1-4457-aaba-66d51107be4c,274
1,Island,Normal,NM,2025-03-07,EN,,,Foundations,fdn,677803,886eae6e-ced2-4d94-96fa-9bb5385b06f4,284
1,Island,Normal,NM,2025-03-07,EN,,,Foundations,fdn,677804,6f534ddc-f610-45cd-84dc-bb6df6c5a84f,285
1,Island,Normal,NM,2025-03-04,EN,,,Innistrad Remastered,inr,685607,4f8d16ec-cba6-43b7-be97-5ab184941e29,291
1,Island,Normal,NM,2025-03-05,EN,,,Innistrad Remastered,inr,685606,b6189c28-8d64-4d54-b399-7cf2cb6e3cd5,290
2,Island,Normal,NM,2025-03-06,EN,,,Commander Anthology Volume II,cm2,447026,ee9eea62-2bdf-4b71-8655-0ba275fc8adf,290
2,Island,Normal,NM,2025-03-06,EN,,,Commander Anthology Volume II,cm2,447022,e62d51cd-0377-4896-bba1-dee62b9279dc,286
2,Island,Normal,NM,2025-03-06,EN,,,Commander Anthology Volume II,cm2,447028,b294323b-d7a2-4d82-bf99-b388edcb7d32,292
2,Island,Normal,NM,2025-03-06,EN,,,Commander Anthology Volume II,cm2,447023,9b982a48-7e67-496b-b24b-fa9d131f5bb0,287
1,Island,Normal,NM,2025-03-06,EN,,,Commander Anthology Volume II,cm2,447027,8c8f9a84-2126-4564-9ec9-554cc88e1c63,291
1,Island,Normal,NM,2025-03-06,EN,,,Commander Anthology Volume II,cm2,447025,7330a921-c6ba-4944-856a-2a9e7434286b,289
2,Island,Normal,NM,2025-03-06,EN,,,Commander Anthology Volume II,cm2,447024,00c74207-577c-4eab-9759-4cab76c17f2c,288
2,Island,Normal,NM,2025-03-04,EN,,,Innistrad Remastered,inr,685606,b6189c28-8d64-4d54-b399-7cf2cb6e3cd5,290
1,It of the Horrid Swarm,Normal,NM,2025-03-04,EN,,,Innistrad Remastered,inr,688165,7058dadd-e2ca-4fef-9689-6cfa69e878c7,331
3,It of the Horrid Swarm,Normal,NM,2025-03-04,EN,,,Innistrad Remastered,inr,685820,ba983caf-72b4-419e-84dc-1ad0215a865c,6
1,"Jace, Unraveler of Secrets",Normal,NM,2025-03-04,EN,,,Innistrad Remastered,inr,685896,3d9c8217-013d-4e75-bdd1-9c46c8467edb,70
1,Join the Dance,Foil,NM,2025-03-04,EN,,,Innistrad Remastered,inr,686092,4a2d360c-1fad-4425-a1ab-5f713c45c7b3,242
1,Juggernaut,Normal,NM,2025-03-08,EN,,,Foundations,fdn,679997,f4468fff-cd6f-428c-b7a0-ff89f5bbea2e,255
1,Jungle Hollow,Foil,NM,2025-03-08,EN,,,Foundations,fdn,680005,dc758e14-d370-45e4-bbc5-938fb4d21127,263
1,Killing Wave,Normal,NM,2025-03-04,EN,,,Innistrad Remastered,inr,688220,b7395d55-9457-42b2-ae9b-858708f98db8,386
1,Killing Wave,Normal,NM,2025-03-04,EN,,,Innistrad Remastered,inr,685954,d412f946-9063-49da-adb8-1248b828b286,121
1,Laboratory Maniac,Normal,NM,2025-03-06,EN,,,Innistrad Remastered,inr,685897,7a5be94c-08b8-4964-a79d-e22ea6e94be8,71
3,Lantern Bearer // Lanterns' Lift,Normal,NM,2025-03-04,EN,,,Innistrad Remastered,inr,685898,0e568af8-9ddf-4efd-92ec-74a54b811c03,72
1,Last March of the Ents,Normal,NM,2025-03-12,EN,13.82,,The Lord of the Rings: Tales of Middle-earth,ltr,617002,7f1b99e0-ffb7-4f98-8ee5-4357bb79dd2e,172
1,Leyline Axe,Normal,NM,2025-03-08,EN,,,Foundations,fdn,679206,b9c03336-a321-4c06-94d1-809f328fabd8,129
1,Lightning Axe,Normal,NM,2025-03-06,EN,,,Innistrad Remastered,inr,686001,90911c79-24c3-4566-b72c-02ccde083f1b,162
1,Lightning Mauler,Normal,NM,2025-03-04,EN,,,Innistrad Remastered,inr,686002,ea45c4fe-6e39-4c5f-b7f0-233dee1eff90,163
1,Lingering Souls,Normal,NM,2025-03-04,EN,,,Innistrad Remastered,inr,685846,09cd56b2-1987-40c2-a436-5f3cbc564f1c,30
1,Luminous Rebuke,Normal,NM,2025-03-10,EN,,,Foundations,fdn,679097,621839e1-2756-4cdc-a25c-5f76ea98dd87,20
1,Lunarch Mantle,Normal,NM,2025-03-07,EN,,,Innistrad Remastered,inr,688178,cedede51-0a7e-4a91-84f6-b9b2a111ef06,344
3,Lunarch Mantle,Normal,NM,2025-03-04,EN,,,Innistrad Remastered,inr,685847,8092b454-4c74-439b-9c74-5d90b29c4e9d,31
1,Lunarch Veteran // Luminous Phantom,Normal,NM,2025-03-04,EN,,,Innistrad Remastered,inr,685848,438e3302-daf9-436b-8b08-24b3f33295f6,32
1,Lunarch Veteran // Luminous Phantom,Normal,NM,2025-03-04,EN,,,Innistrad Remastered,inr,687807,dc2f8bd7-1cc7-4678-9ef7-58f14996bdf8,450
1,Lupine Prototype,Foil,NM,2025-03-04,EN,,,Innistrad Remastered,inr,686120,ae02ff5c-c667-4cb6-8bf4-8532d82c4fbf,267
1,Macabre Waltz,Normal,NM,2025-03-09,EN,,,Foundations,fdn,679919,4d1f3c84-89ba-4426-a80b-d524f172c912,177
1,Maelstrom Pulse,Normal,NM,2025-03-04,EN,,,Innistrad Remastered,inr,686094,66f17263-b916-40f4-b175-fcfd5630103d,244
1,Makeshift Mauler,Normal,NM,2025-03-04,EN,,,Innistrad Remastered,inr,685900,404c6bb8-4c64-458f-a4aa-98beb2c6a77c,73
1,Make Your Move,Normal,NM,2025-03-10,EN,,,Foundations,fdn,679885,7368f861-3288-4645-90a7-ca35d6da3721,143
1,Marauding Blight-Priest,Normal,NM,2025-03-08,EN,,,Foundations,fdn,679920,5f70dafc-c638-4ec0-ab5b-62998f752720,178
1,March of Reckless Joy,Normal,LP,2025-03-12,EN,0.39,,Kamigawa: Neon Dynasty,neo,552260,ecbd3545-f98e-404e-a283-0ce2d83e64bc,386
1,March of Reckless Joy,Normal,NM,2025-03-12,EN,0.30,,Kamigawa: Neon Dynasty,neo,548458,780e1bf1-e392-40f2-9e84-764dedc5fcd4,154
1,Markov Waltzer,Normal,NM,2025-03-04,EN,,,Innistrad Remastered,inr,686095,231f4da2-8756-4f99-a46f-b8afe9adb80d,245
1,Mausoleum Guard,Normal,NM,2025-03-07,EN,,,Innistrad Remastered,inr,685850,849bea7e-74e5-4310-be5a-d517d7b19be6,33
1,Mausoleum Wanderer,Normal,NM,2025-03-04,EN,,,Innistrad Remastered,inr,688194,32bb2738-3765-4576-9cfa-a527801c933a,360
1,Mayor of Avabruck // Howlpack Alpha,Foil,NM,2025-03-04,EN,,,Innistrad Remastered,inr,686051,ef84540b-a132-4169-b3c0-b0edeb395c9b,207
1,Mentor of the Meek,Normal,NM,2025-03-04,EN,,,Innistrad Remastered,inr,688179,9da27c4a-56d7-41ae-8007-05644b5fe062,345
1,Metallic Mimic,Normal,NM,2025-03-04,EN,,,Innistrad Remastered,inr,686121,9ad98263-9fe6-4766-a9fb-4776e570c250,268
3,Midnight Scavengers,Normal,NM,2025-03-04,EN,,,Innistrad Remastered,inr,685956,bc079c81-85e8-4a0d-83fe-533c4feaa343,123
1,Mischievous Pup,Normal,NM,2025-03-09,EN,,,Foundations,fdn,679886,7214d984-6400-44d7-bde6-57d96b606e78,144
1,Mist Raven,Normal,NM,2025-03-04,EN,,,Innistrad Remastered,inr,685903,557b7e56-36f7-489c-a0fe-039c463f8bc5,76
1,Mocking Sprite,Normal,NM,2025-03-09,EN,,,Foundations,fdn,679901,f6792f63-b651-497d-8aa5-cddf4cedeca8,159
1,Moldgraf Millipede,Normal,NM,2025-03-07,EN,,,Innistrad Remastered,inr,686053,3a163ec7-4c9a-4d45-965c-e5ddeb07a3e0,208
2,Moldgraf Millipede,Normal,NM,2025-03-04,EN,,,Innistrad Remastered,inr,686053,3a163ec7-4c9a-4d45-965c-e5ddeb07a3e0,208
2,Moonlight Hunt,Normal,NM,2025-03-04,EN,,,Innistrad Remastered,inr,686054,6d36aecd-4bd8-4350-9161-e6feecc09bb9,209
1,Morbid Opportunist,Normal,NM,2025-03-04,EN,,,Innistrad Remastered,inr,685957,1bfd3be4-2cea-4a88-a55f-e6ebeecd4c96,124
1,Morkrut Banshee,Normal,NM,2025-03-07,EN,,,Innistrad Remastered,inr,685958,14ab7063-1704-4c56-a58d-4f4287299bd7,125
1,Mossborn Hydra,Normal,NM,2025-03-09,EN,,,Foundations,fdn,679184,7054a0d7-396f-40b4-ab24-db591c3b08f0,107
1,Mountain,Normal,NM,2025-03-07,EN,,,Foundations,fdn,677807,3a3afd00-da06-4a9f-8cd1-7133728e0fdd,288
1,Mountain,Normal,NM,2025-03-07,EN,,,Foundations,fdn,677867,279df7e2-2a3b-464a-a7df-e91da28e3a8c,278
1,Mountain,Normal,NM,2025-03-07,EN,,,Foundations,fdn,677868,1edc5050-69bd-416d-b04c-7f82de2a1901,279
1,Mountain,Normal,NM,2025-03-07,EN,,,Foundations,fdn,677808,042b04b4-f7f4-4c1a-86ad-b50d788aa99e,289
5,Mountain,Normal,NM,2025-03-06,EN,,,Commander Anthology Volume II,cm2,447036,b8352d89-48c0-48de-9bf6-330d05e7331f,300
3,Mountain,Normal,NM,2025-03-06,EN,,,Commander Anthology Volume II,cm2,447039,b137c4c5-9091-4130-ba83-87a28435c9e8,303
4,Mountain,Normal,NM,2025-03-06,EN,,,Commander Anthology Volume II,cm2,447038,3e8ecccf-8786-4770-9879-86c4fbf44768,302
10,Mountain,Normal,NM,2025-03-06,EN,,,Commander Anthology Volume II,cm2,447040,0b2f797a-0c9a-46a0-9f07-0f6af1846552,304
1,Mountain,Foil,NM,2025-03-04,EN,,,Innistrad Remastered,inr,685610,f8739e90-a967-4e06-b966-1a15755a25bd,294
3,Mountain,Normal,NM,2025-03-04,EN,,,Innistrad Remastered,inr,685611,787da7ce-527d-4abf-9e92-5de9db2250cd,295
2,Mountain,Normal,NM,2025-03-04,EN,,,Innistrad Remastered,inr,685610,f8739e90-a967-4e06-b966-1a15755a25bd,294
1,Murderous Compulsion,Normal,NM,2025-03-07,EN,,,Innistrad Remastered,inr,685959,5fca1faf-bd47-45cd-a2d9-b2efbc75cbb5,126
2,Murderous Compulsion,Normal,NM,2025-03-04,EN,,,Innistrad Remastered,inr,685959,5fca1faf-bd47-45cd-a2d9-b2efbc75cbb5,126
1,Mystic Retrieval,Normal,NM,2025-03-04,EN,,,Innistrad Remastered,inr,688197,83f8b420-d04d-44f7-baaa-b7298c4c073d,363
1,Mystic Retrieval,Normal,NM,2025-03-04,EN,,,Innistrad Remastered,inr,685904,806e5536-103b-4d6c-83b4-8659a55b25b5,77
1,Nebelgast Herald,Normal,NM,2025-03-06,EN,,,Innistrad Remastered,inr,685905,51173564-cd0e-410f-82fc-3d071e6f4d17,78
1,Necroduality,Normal,NM,2025-03-04,EN,,,Innistrad Remastered,inr,685906,6385509a-6814-4039-83fb-1fa5a7439696,79
1,Neglected Heirloom // Ashmouth Blade,Normal,NM,2025-03-04,EN,,,Innistrad Remastered,inr,686122,7813cd70-bb60-4953-a35d-9876f5230c42,269
1,Neonate's Rush,Foil,NM,2025-03-07,EN,,,Innistrad Remastered,inr,686005,1d623e71-05bd-46d6-b831-2c8dcff7ab45,166
3,Neonate's Rush,Normal,NM,2025-03-04,EN,,,Innistrad Remastered,inr,686005,1d623e71-05bd-46d6-b831-2c8dcff7ab45,166
1,Niblis of the Urn,Normal,NM,2025-03-04,EN,,,Innistrad Remastered,inr,685852,1ffd406d-92d3-47f1-8887-853958fd464e,35
1,Nine-Lives Familiar,Normal,NM,2025-03-10,EN,,,Foundations,fdn,679143,988c23f6-59fe-49f9-a9ce-9881dccb7033,66
1,Noose Constrictor,Normal,NM,2025-03-06,EN,,,Innistrad Remastered,inr,686055,b432cccb-4291-46f3-a171-919adf8b95eb,210
1,"Odric, Lunarch Marshal",Foil,NM,2025-03-04,EN,,,Innistrad Remastered,inr,685664,12e4f93c-6daf-458e-aa5a-26844c54bfdd,298
1,"Odric, Lunarch Marshal",Normal,NM,2025-03-04,EN,,,Innistrad Remastered,inr,685853,1db600b2-9b8b-4c21-8d8b-8033ec680a35,36
1,Olivia's Dragoon,Foil,NM,2025-03-05,EN,,,Innistrad Remastered,inr,685960,571a9e92-6f34-4bf4-b7f4-15d12560efb6,127
2,Olivia's Dragoon,Normal,NM,2025-03-04,EN,,,Innistrad Remastered,inr,685960,571a9e92-6f34-4bf4-b7f4-15d12560efb6,127
1,Overgrown Farmland,Normal,NM,2025-03-04,EN,,,Innistrad Remastered,inr,686135,66656795-a64d-4656-a9bf-050dd9a7b9bf,281
1,Pack Guardian,Normal,NM,2025-03-07,EN,,,Innistrad Remastered,inr,686056,6265e9fa-3fc3-41c5-9950-cbeaae2e6187,211
1,Perforating Artist,Normal,NM,2025-03-10,EN,,,Foundations,fdn,679201,72980409-53f0-43c1-965e-06f22e7bb608,124
1,Phyrexian Arena,Foil,NM,2025-03-07,EN,,,Foundations,fdn,678809,534d28b7-1e56-428d-84a7-0eb6a2b5efda,728
1,Pinkie Pie,Foil,NM,2025-03-12,EN,17.98,,Secret Lair Drop,sld,0,c790770c-110d-4eb2-b9ae-3aa2bc745a9d,1539
1,Plains,Normal,NM,2025-03-07,EN,,,Foundations,fdn,677801,6e6f19b3-4c76-4078-8ed2-b2832a33d066,282
1,Plains,Normal,NM,2025-03-07,EN,,,Foundations,fdn,677802,7a0f9892-89cd-46ff-bc87-114e175cb575,283
1,Plains,Normal,NM,2025-03-07,EN,,,Foundations,fdn,677861,4ef17ed4-a9b5-4b8e-b4cb-2ecb7e5898c3,272
1,Plains,Normal,NM,2025-03-07,EN,,,Foundations,fdn,677862,37edc4b5-75f5-4b43-a57e-a8192565a2a0,273
2,Plains,Normal,NM,2025-03-06,EN,,,Commander Anthology Volume II,cm2,447021,d60f837e-736c-4a20-ab47-dbee4617ebcc,285
3,Plains,Normal,NM,2025-03-06,EN,,,Commander Anthology Volume II,cm2,447017,ba855a4c-a16e-4609-94e3-d780f2df2dea,281
3,Plains,Normal,NM,2025-03-06,EN,,,Commander Anthology Volume II,cm2,447015,96ac45c4-2495-4a1b-bc37-11e31ee0a952,279
2,Plains,Normal,NM,2025-03-06,EN,,,Commander Anthology Volume II,cm2,447016,938a2c05-eff1-4cdc-9c14-ede3f62fa0f5,280
2,Plains,Normal,NM,2025-03-06,EN,,,Commander Anthology Volume II,cm2,447020,69f7ef07-37bf-49de-b5bb-c7641091b92b,284
1,Plains,Normal,NM,2025-03-06,EN,,,Commander Anthology Volume II,cm2,447019,65498b4f-a6da-49b9-a565-ac2079d23afe,283
3,Plains,Normal,NM,2025-03-06,EN,,,Commander Anthology Volume II,cm2,447018,4a8a055d-fa9e-4e41-970d-a395c357554d,282
3,Plains,Normal,NM,2025-03-04,EN,,,Innistrad Remastered,inr,685604,95347dba-09e9-47a3-a068-db78ba39714e,288
3,Plains,Normal,NM,2025-03-04,EN,,,Innistrad Remastered,inr,685605,c574549f-da6c-4080-8748-6ef146a7ae48,289
1,Plains,Foil,NM,2025-03-04,EN,,,Innistrad Remastered,inr,685605,c574549f-da6c-4080-8748-6ef146a7ae48,289
1,Plains,Foil,NM,2025-03-04,EN,,,Innistrad Remastered,inr,685604,95347dba-09e9-47a3-a068-db78ba39714e,288
1,Preposterous Proportions,Normal,NM,2025-03-12,EN,0.50,,Foundations,fdn,678435,d611f8cd-fe7d-41d3-9572-9dda77d83d25,338
1,Progenitus,Normal,NM,2025-03-10,EN,,,Foundations,fdn,679986,e77fbc87-d78e-4602-baa0-da9b0d464dfb,244
1,Quakestrider Ceratops,Normal,NM,2025-03-07,EN,,,Foundations,fdn,679187,067f72c2-ead6-4879-bc9d-696c9f87c0b2,110
1,Rainbow Dash,Foil,NM,2025-03-12,EN,24.90,,Secret Lair Drop,sld,0,6ab2cbaa-58c5-4612-8d99-10f5ee5041ee,1540
1,Rally the Peasants,Foil,NM,2025-03-04,EN,,,Innistrad Remastered,inr,685854,9387f821-10ec-4698-9697-ad37084b4861,37
1,Ravenous Amulet,Normal,NM,2025-03-10,EN,,,Foundations,fdn,679208,80cadee5-6f26-4440-ad31-a8e573a90436,131
2,Reckless Scholar,Normal,NM,2025-03-04,EN,,,Innistrad Remastered,inr,685908,ceb85311-a7f7-44d5-9caa-50a24fd6d00a,81
1,"Redshift, Rocketeer Chief",Normal,NM,2025-03-12,EN,0.30,,Aetherdrift,dft,690655,5fba3820-32ba-47e9-9fa8-f985ff471b3f,218
1,Restless Bloodseeker // Bloodsoaked Reveler,Normal,NM,2025-03-04,EN,,,Innistrad Remastered,inr,685961,68f71dcf-b0eb-43c7-9ea5-5ff7a7f991be,128
1,Restoration Angel,Normal,NM,2025-03-04,EN,,,Innistrad Remastered,inr,685855,f17f85d3-58e5-4128-90c5-98b524256af8,38
1,Rise from the Tides,Normal,NM,2025-03-04,EN,,,Innistrad Remastered,inr,685909,a16fccff-ca97-4416-b42f-86d314b1d0af,82
1,Rockfall Vale,Normal,NM,2025-03-04,EN,,,Innistrad Remastered,inr,686136,d4ef22f2-7c4f-4198-982b-f0830fd769cc,282
1,Run Away Together,Normal,NM,2025-03-08,EN,,,Foundations,fdn,679904,e598eb7b-10dc-49e6-ac60-2fefa987173e,162
1,Runebound Wolf,Normal,NM,2025-03-05,EN,,,Innistrad Remastered,inr,686007,8e220cc1-e13f-48da-b59b-91a556829ea5,168
1,Ruthless Technomancer,Normal,NM,2025-03-12,EN,1.50,,Foundations Jumpstart,j25,681954,5a9832da-b790-47a7-b19a-360e5f90dc25,484
1,Sanguine Syphoner,Normal,NM,2025-03-10,EN,,,Foundations,fdn,679145,b1daf5bb-c8e9-4e79-a532-ca92a9a885cd,68
1,Sanitarium Skeleton,Normal,NM,2025-03-04,EN,,,Innistrad Remastered,inr,685963,119020b3-9d26-4153-b7b9-28375f7fa915,129
1,Savage Alliance,Normal,NM,2025-03-04,EN,,,Innistrad Remastered,inr,686008,54bebcf4-7697-4b2d-9160-243cd447c1d4,169
1,Scorned Villager // Moonscarred Werewolf,Normal,NM,2025-03-06,EN,,,Innistrad Remastered,inr,686057,ee539a5e-2d10-4666-9b52-5064562dd233,212
1,Scorned Villager // Moonscarred Werewolf,Normal,NM,2025-03-04,EN,,,Innistrad Remastered,inr,687843,9152b78f-bd35-4e6a-9bd3-d0a65d898e95,468
2,Scorned Villager // Moonscarred Werewolf,Normal,NM,2025-03-04,EN,,,Innistrad Remastered,inr,686057,ee539a5e-2d10-4666-9b52-5064562dd233,212
1,Scoured Barrens,Normal,NM,2025-03-09,EN,,,Foundations,fdn,680008,2632a4b2-9ca6-4b67-9a99-14f52ad3dc41,266
1,Secluded Courtyard,Normal,NM,2025-03-10,EN,,,Foundations,fdn,680009,d13373d2-139b-48c7-a8c9-828cefc4f150,267
1,Second Harvest,Normal,NM,2025-03-04,EN,,,Innistrad Remastered,inr,686059,aaecd005-b849-4e75-a8e0-24231bf2a0c9,213
1,Seize the Storm,Normal,NM,2025-03-06,EN,,,Innistrad Remastered,inr,686009,45ec2af6-8397-429f-900f-846a5056f8e0,170
1,Seize the Storm,Normal,NM,2025-03-04,EN,,,Innistrad Remastered,inr,688235,217201eb-3340-4aa2-8d38-5d9ff2997b39,401
2,Seize the Storm,Normal,NM,2025-03-04,EN,,,Innistrad Remastered,inr,686009,45ec2af6-8397-429f-900f-846a5056f8e0,170
1,Self-Reflection,Normal,NM,2025-03-09,EN,,,Foundations,fdn,679905,e1e6abc9-25b2-4d51-b519-2525079eab51,163
1,Sever the Bloodline,Normal,NM,2025-03-04,EN,,,Innistrad Remastered,inr,685964,a2d4152d-c128-453c-86f5-f2ebcfd48b98,130
1,Shipwreck Marsh,Normal,NM,2025-03-06,EN,,,Innistrad Remastered,inr,686138,156df6eb-1ac9-4954-bf93-b1668096b8bd,284
1,Shivan Dragon,Normal,NM,2025-03-07,EN,,,Foundations,fdn,679948,1fcff1e0-2745-448d-a27b-e31719e222e9,206
1,Shrill Howler // Howling Chorus,Foil,NM,2025-03-04,EN,,,Innistrad Remastered,inr,686060,e414e208-2e90-4b0d-b107-7a387b3f779b,214
1,Siege Zombie,Foil,NM,2025-03-04,EN,,,Innistrad Remastered,inr,685965,950e6466-dfd2-4ed6-83ba-be02fe612093,131
3,Siege Zombie,Normal,NM,2025-03-04,EN,,,Innistrad Remastered,inr,685965,950e6466-dfd2-4ed6-83ba-be02fe612093,131
1,Silent Departure,Normal,NM,2025-03-05,EN,,,Innistrad Remastered,inr,685911,4d1552e7-20b2-42b0-af47-6618ab163115,84
2,Silent Departure,Normal,NM,2025-03-04,EN,,,Innistrad Remastered,inr,685911,4d1552e7-20b2-42b0-af47-6618ab163115,84
1,Skirsdag High Priest,Normal,NM,2025-03-04,EN,,,Innistrad Remastered,inr,685966,7a329b20-4e6e-45c9-aee0-51fe81dce543,132
1,Skyhunter Strike Force,Normal,NM,2025-03-12,EN,1.70,,Phyrexia: All Will Be One Commander,onc,605451,beddac9b-e39c-4c7e-8ae7-0c3152178934,21
1,Slagstorm,Normal,NM,2025-03-10,EN,,,Foundations,fdn,679949,9db2e3a9-b90d-44cd-a2bd-eeb7dbe255b0,207
1,Slayer of the Wicked,Normal,NM,2025-03-04,EN,,,Innistrad Remastered,inr,688182,88c4c6bc-59e6-403a-b5f5-934b4bafb151,348
1,Slayer of the Wicked,Normal,NM,2025-03-04,EN,,,Innistrad Remastered,inr,685856,ca4537d3-c481-49ac-826c-b51c2e9b1fcf,39
1,Slip Through Space,Normal,NM,2025-03-12,EN,0.20,,Oath of the Gatewatch,ogw,407557,2dee6dca-9c7e-4347-bea7-7fecc69e5827,47
1,Smoldering Werewolf // Erupting Dreadwolf,Normal,NM,2025-03-05,EN,,,Innistrad Remastered,inr,687837,ca129694-150c-47c6-bdda-c3ba3d1fdc61,465
1,Smoldering Werewolf // Erupting Dreadwolf,Normal,NM,2025-03-04,EN,,,Innistrad Remastered,inr,686010,e724d16c-d44b-4b8f-9616-64923e2cdeb2,171
1,Smuggler's Surprise,Normal,NM,2025-03-12,EN,3.33,,Outlaws of Thunder Junction,otj,655121,e7fbb489-e2b5-4278-8162-86802cf124d8,180
2,Somberwald Sage,Normal,NM,2025-03-04,EN,,,Innistrad Remastered,inr,686062,9d8dfef3-4c87-4eb8-b0d4-8f8485de792c,215
1,Soulcipher Board // Cipherbound Spirit,Normal,NM,2025-03-04,EN,,,Innistrad Remastered,inr,685912,73e7ed48-8f7b-4bdf-bade-a09597ceafcd,85
1,Soul-Guide Gryff,Foil,NM,2025-03-06,EN,,,Innistrad Remastered,inr,685857,39388258-cf07-4f29-a379-c743ecac680b,40
2,Soul-Guide Gryff,Normal,NM,2025-03-04,EN,,,Innistrad Remastered,inr,685857,39388258-cf07-4f29-a379-c743ecac680b,40
1,Soul Separator,Normal,NM,2025-03-04,EN,,,Innistrad Remastered,inr,686124,d9357606-e192-47e8-b9cd-e1a567903754,270
1,Sower of Chaos,Normal,NM,2025-03-09,EN,,,Foundations,fdn,679172,7ff50606-491c-4946-8d03-719b01cfad77,95
1,Spectral Shepherd,Normal,NM,2025-03-06,EN,,,Innistrad Remastered,inr,685858,a44cc0d0-5fdf-4090-bedd-a64069831df4,41
1,Spectral Shepherd,Normal,NM,2025-03-04,EN,,,Innistrad Remastered,inr,688183,89fd38be-8b2a-4ff4-8f51-e7d6971f7aef,349
1,Spell Queller,Normal,NM,2025-03-04,EN,,,Innistrad Remastered,inr,686098,a9364b43-ab2e-4433-91e8-88a0d5d5965c,248
1,Spider Spawning,Normal,NM,2025-03-04,EN,,,Innistrad Remastered,inr,686063,c229cbde-f370-4fef-8765-9773d516324a,216
1,Spitfire Lagac,Foil,NM,2025-03-08,EN,,,Foundations,fdn,679950,30f600cd-b696-4f49-9cbc-5a33aa43d04c,208
1,Splinterfright,Normal,NM,2025-03-04,EN,,,Innistrad Remastered,inr,686064,d4d5aafc-b1a6-4387-b9bf-59fca23fff94,217
1,Spontaneous Mutation,Normal,NM,2025-03-04,EN,,,Innistrad Remastered,inr,685914,3ae07900-e07e-47d3-b8a1-f69cec94864b,86
1,Spore Crawler,Normal,NM,2025-03-06,EN,,,Innistrad Remastered,inr,686065,a2a37c40-6d33-4e32-ab7b-4a7c2d10b757,218
1,Squad Rallier,Normal,NM,2025-03-10,EN,,,Foundations,fdn,679101,65e1ee86-6f08-4aa0-bf63-ae12028ef080,24
1,Stensia Masquerade,Normal,NM,2025-03-06,EN,,,Innistrad Remastered,inr,686012,faaf031f-2c77-4248-8a29-f47e64773cfd,172
1,Stitched Mangler,Normal,NM,2025-03-04,EN,,,Innistrad Remastered,inr,685915,e90cb0f1-d6fa-4a73-83bb-8870e59b1d7d,87
1,Stitcher's Graft,Foil,NM,2025-03-04,EN,,,Innistrad Remastered,inr,686125,a5dad4be-599b-4c4d-a957-3fe6b52b4141,271
2,Stormcarved Coast,Normal,NM,2025-03-04,EN,,,Innistrad Remastered,inr,686139,2a91991f-4340-45a7-ba04-0001de9581e0,285
1,Strength of Arms,Normal,NM,2025-03-05,EN,,,Innistrad Remastered,inr,685859,a08fb8ec-6890-48f9-97db-0584a9a77578,42
2,Strength of Arms,Normal,NM,2025-03-04,EN,,,Innistrad Remastered,inr,685859,a08fb8ec-6890-48f9-97db-0584a9a77578,42
1,Strength of the Harvest // Haven of the Harvest,Normal,LP,2025-03-12,EN,0.30,,Modern Horizons 3,mh3,661795,a7143aa7-b16d-4e63-910c-6ceec55483f3,258
1,Stromkirk Occultist,Normal,NM,2025-03-04,EN,,,Innistrad Remastered,inr,686013,b11fa9f0-82d1-4dd6-8f2d-45d73f908277,173
2,Subjugator Angel,Normal,NM,2025-03-04,EN,,,Innistrad Remastered,inr,685860,bb89585f-0c68-42e6-8115-07d5752f6c1c,43
1,Sure Strike,Normal,NM,2025-03-10,EN,,,Foundations,fdn,679951,5de6a1e4-5c66-43e6-9f2a-2635bdab03f6,209
1,Swamp,Normal,NM,2025-03-07,EN,,,Foundations,fdn,677806,fda1dbfa-a57b-4aa8-9993-c8f97aec28bb,287
1,Swamp,Normal,NM,2025-03-07,EN,,,Foundations,fdn,677805,6f23a73a-522b-40cf-a14b-ffdf47a24c01,286
1,Swamp,Normal,NM,2025-03-07,EN,,,Foundations,fdn,677865,319bc1f0-ee42-44e5-b08b-735613ded2ba,276
1,Swamp,Normal,NM,2025-03-07,EN,,,Foundations,fdn,677866,13505c15-14e0-4200-82bd-fb9bce949e68,277
3,Swamp,Normal,NM,2025-03-06,EN,,,Commander Anthology Volume II,cm2,447032,b0caeb29-03ec-421c-b5c6-f66ae5ca542f,296
2,Swamp,Normal,NM,2025-03-06,EN,,,Commander Anthology Volume II,cm2,447034,a48f0e9a-c2d9-4b7f-b1af-baad3e5c45e3,298
3,Swamp,Normal,NM,2025-03-06,EN,,,Commander Anthology Volume II,cm2,447029,904b1621-17d3-4f02-b42c-cdf75425f037,293
3,Swamp,Normal,NM,2025-03-06,EN,,,Commander Anthology Volume II,cm2,447031,8ba9664e-b482-4ea4-8a84-fef817363e0f,295
1,Swamp,Normal,NM,2025-03-06,EN,,,Commander Anthology Volume II,cm2,447033,5317d9a0-64f4-4b5f-ab1f-f1e0d91feaf2,297
2,Swamp,Normal,NM,2025-03-06,EN,,,Commander Anthology Volume II,cm2,447030,4e321257-f494-49fc-a26f-3c65aa5b1377,294
2,Swamp,Normal,NM,2025-03-06,EN,,,Commander Anthology Volume II,cm2,447035,2380a8a1-474a-43f7-91db-68cfd7e0b790,299
1,Swamp,Normal,NM,2025-03-04,EN,,,Innistrad Remastered,inr,685608,806d26a2-2f2a-4a77-b5bc-a6c97ba5db42,292
1,Swamp,Foil,NM,2025-03-06,EN,,,Innistrad Remastered,inr,685609,4bc918af-527c-46d7-861d-32e9150ed3df,293
3,Swamp,Normal,NM,2025-03-04,EN,,,Innistrad Remastered,inr,685609,4bc918af-527c-46d7-861d-32e9150ed3df,293
1,Swiftwater Cliffs,Normal,NM,2025-03-10,EN,,,Foundations,fdn,680010,fb88667d-7088-4889-960f-317486ebe856,268
1,Sylvan Scavenging,Normal,NM,2025-03-07,EN,,,Foundations,fdn,679190,c35b683c-d3b2-46a1-876a-81b34e8ba2fc,113
1,Syncopate,Normal,NM,2025-03-06,EN,,,Innistrad Remastered,inr,685917,9aebd769-7ae3-4dac-81ea-458061762cce,89
3,Syncopate,Normal,NM,2025-03-04,EN,,,Innistrad Remastered,inr,685917,9aebd769-7ae3-4dac-81ea-458061762cce,89
1,Tamiyo's Journal,Normal,NM,2025-03-04,EN,,,Innistrad Remastered,inr,686126,9602f893-38ad-4a24-be2a-c11c9b6aaf7f,272
1,Teetering Peaks,Normal,LP,2025-03-12,EN,0.25,,Zendikar,zen,177549,e56aca36-bb51-45e3-9ef9-9f9f2aa1e088,226
1,Temporal Mastery,Normal,NM,2025-03-06,EN,,,Innistrad Remastered,inr,685918,0f46a800-b443-461d-87e0-5587249a42d8,90
1,Thermo-Alchemist,Normal,NM,2025-03-04,EN,,,Innistrad Remastered,inr,686014,78b194b3-108a-4152-bd37-52c302e25ad6,174
1,Think Twice,Normal,NM,2025-03-10,EN,,,Foundations,fdn,678412,40a7e9bb-0772-4539-bbf9-7a95d5e47947,315
1,Think Twice,Normal,NM,2025-03-09,EN,,,Foundations,fdn,679907,d88faaa1-eb41-40f7-991c-5c06e1138f3d,165
1,Think Twice,Normal,NM,2025-03-04,EN,,,Innistrad Remastered,inr,685921,35471afe-e14c-48f4-b901-297111be9c23,92
1,Thraben Inspector,Normal,NM,2025-03-04,EN,,,Innistrad Remastered,inr,685667,4b03e3d4-aa62-428b-9f99-3ed93506defa,301
3,Thraben Inspector,Normal,NM,2025-03-04,EN,,,Innistrad Remastered,inr,685862,08a5007f-06a0-40fa-a252-c38baa6b5c6f,45
1,Thrill of Possibility,Normal,NM,2025-03-10,EN,,,Foundations,fdn,679952,882b348c-076b-41d8-b505-063480636669,210
1,Tower Geist,Normal,NM,2025-03-05,EN,,,Innistrad Remastered,inr,685922,88523d44-4469-4685-8f59-dbcf255e7fe0,93
2,Tower Geist,Normal,NM,2025-03-04,EN,,,Innistrad Remastered,inr,685922,88523d44-4469-4685-8f59-dbcf255e7fe0,93
1,Town Gossipmonger // Incited Rabble,Normal,NM,2025-03-06,EN,,,Innistrad Remastered,inr,685863,6c91ca3b-9d56-48dd-be0e-d3839c7d3d6c,46
1,Tragic Banshee,Foil,NM,2025-03-09,EN,,,Foundations,fdn,679150,30df3e33-2f17-4067-99f1-5db6b0f41fd4,73
1,Tragic Slip,Normal,NM,2025-03-05,EN,,,Innistrad Remastered,inr,688224,208c30b7-d6aa-4219-87f1-9da14b6e1b5c,390
2,Tragic Slip,Normal,NM,2025-03-04,EN,,,Innistrad Remastered,inr,685968,132ccc20-cb42-4474-b747-7e41a661060e,134
2,Traveler's Amulet,Normal,NM,2025-03-04,EN,,,Innistrad Remastered,inr,686127,26a7e5f0-0d60-4118-ad10-b27c7382511a,273
1,Traveler's Amulet,Foil,NM,2025-03-04,EN,,,Innistrad Remastered,inr,686127,26a7e5f0-0d60-4118-ad10-b27c7382511a,273
1,Travel Preparations,Normal,NM,2025-03-04,EN,,,Innistrad Remastered,inr,686067,41190fb8-f5d5-4a8b-bdc8-a4516e7075b5,220
1,Traverse the Ulvenwald,Normal,NM,2025-03-04,EN,,,Innistrad Remastered,inr,688256,19b788c4-3964-48c1-bf29-54058c9212ba,422
1,Treetop Snarespinner,Normal,NM,2025-03-10,EN,,,Foundations,fdn,679191,88e68fa3-159d-49a6-8ac6-afc9bd6f1718,114
1,Triskaidekaphobia,Normal,NM,2025-03-04,EN,,,Innistrad Remastered,inr,685970,3354807e-bea0-4903-8010-06618af4c700,136
1,Twinblade Geist // Twinblade Invocation,Normal,NM,2025-03-04,EN,,,Innistrad Remastered,inr,685865,88bc8cdf-adfa-4a11-a8c0-484bc03edc65,47
1,Ulvenwald Mysteries,Normal,NM,2025-03-05,EN,,,Innistrad Remastered,inr,688257,88a7bf3a-9c87-4937-a6e1-dfbc589c8e35,423
1,Ulvenwald Mysteries,Normal,NM,2025-03-04,EN,,,Innistrad Remastered,inr,686069,8a3997f1-5b02-4ca5-a390-fedb5874b575,222
1,Uncaged Fury,Normal,NM,2025-03-07,EN,,,Innistrad Remastered,inr,686017,de8f4d5b-ea3c-4d01-b163-2fcfb1bcca8e,177
1,Uncharted Voyage,Normal,NM,2025-03-10,EN,,,Foundations,fdn,679130,e0846820-e595-4743-8a28-29c57d728677,53
1,Unnatural Growth,Normal,NM,2025-03-04,EN,,,Innistrad Remastered,inr,686070,08fa38c0-353c-4f6a-b87e-3f6366af44d8,223
1,Unstoppable Slasher,Foil,NM,2025-03-06,DE,,,Duskmourn: House of Horror Promos,pdsk,0,dcd12443-17ff-4221-8894-860077d686f8,119s
1,Valorous Stance,Normal,NM,2025-03-04,EN,,,Innistrad Remastered,inr,685867,04762c85-d25d-4120-adec-8681adcf581a,48
1,Vampire Gourmand,Normal,NM,2025-03-10,EN,,,Foundations,fdn,679151,917514c0-9cd5-4b97-85b9-c4f753560ad4,74
1,Vampire Soulcaller,Normal,NM,2025-03-07,EN,,,Foundations,fdn,679152,2d076293-3b45-4878-8f67-978927cc1f68,75
1,Vanguard Seraph,Normal,NM,2025-03-10,EN,,,Foundations,fdn,679105,4329c861-fc16-4a96-9c03-25af6ac2adc8,28
1,Vanquish the Horde,Normal,NM,2025-03-04,EN,,,Innistrad Remastered,inr,685868,68dea60e-1bd9-4fb5-bb0c-668dfa9b1eee,49
2,Vilespawn Spider,Normal,NM,2025-03-04,EN,,,Innistrad Remastered,inr,686101,58901777-f8bf-450b-acf8-d60a73c3322f,251
1,Village Messenger // Moonrise Intruder,Normal,NM,2025-03-05,EN,,,Innistrad Remastered,inr,686019,8bdc98cd-d03a-4c24-8642-b9ffb1f144c6,179
2,Village Messenger // Moonrise Intruder,Normal,NM,2025-03-04,EN,,,Innistrad Remastered,inr,686019,8bdc98cd-d03a-4c24-8642-b9ffb1f144c6,179
1,Village Rites,Normal,NM,2025-03-06,EN,,,Innistrad Remastered,inr,685971,42ed35e9-51cd-468a-86a9-9412553cf50d,137
1,Village Rites,Normal,NM,2025-03-04,EN,,,Innistrad Remastered,inr,688226,58fc8aca-9408-4ea4-9360-042cfe5da1f9,392
2,Village Rites,Normal,NM,2025-03-04,EN,,,Innistrad Remastered,inr,685971,42ed35e9-51cd-468a-86a9-9412553cf50d,137
1,Villagers of Estwald // Howlpack of Estwald,Normal,NM,2025-03-05,EN,,,Innistrad Remastered,inr,686071,319b65f6-a6e6-45ea-9837-bc5831f54205,224
2,Villagers of Estwald // Howlpack of Estwald,Normal,NM,2025-03-04,EN,,,Innistrad Remastered,inr,686071,319b65f6-a6e6-45ea-9837-bc5831f54205,224
1,Voice of the Blessed,Normal,NM,2025-03-04,EN,,,Innistrad Remastered,inr,685869,62534128-2a85-4a36-bc7b-e4f4c51fa1f6,50
1,Voldaren Ambusher,Normal,NM,2025-03-04,EN,,,Innistrad Remastered,inr,686021,b2f493be-7e6f-4634-999b-a5c35fa45447,180
1,Voldaren Duelist,Normal,NM,2025-03-05,EN,,,Innistrad Remastered,inr,686022,7e2df669-a996-4692-9c04-7ba236595076,181
2,Voldaren Duelist,Normal,NM,2025-03-04,EN,,,Innistrad Remastered,inr,686022,7e2df669-a996-4692-9c04-7ba236595076,181
1,Voldaren Epicure,Normal,NM,2025-03-04,EN,,,Innistrad Remastered,inr,686023,e8fe855c-fe94-4de7-a033-9892a9d6ee0e,182
1,Wandering Mind,Normal,NM,2025-03-04,EN,,,Innistrad Remastered,inr,686102,b57491d9-ac52-4598-ac36-bed842f141a1,252
1,Wardens of the Cycle,Normal,NM,2025-03-10,EN,,,Foundations,fdn,679202,83ea9b2c-5723-4eff-88ac-6669975939e3,125
1,Wary Thespian,Normal,NM,2025-03-07,EN,,,Foundations,fdn,679977,a3d62d04-0974-4cb5-9a35-5e996c6456e2,235
1,Wedding Announcement // Wedding Festivity,Normal,NM,2025-03-05,EN,,,Innistrad Remastered,inr,685870,4e6f365d-c5c4-4fd6-94cb-833b89239d73,51
1,Wild-Field Scarecrow,Normal,NM,2025-03-06,EN,,,Innistrad Remastered,inr,686128,13629238-f907-47b7-bdba-164e38c7b6d2,274
2,Wild-Field Scarecrow,Normal,NM,2025-03-04,EN,,,Innistrad Remastered,inr,686128,13629238-f907-47b7-bdba-164e38c7b6d2,274
1,Wild Hunger,Normal,NM,2025-03-04,EN,,,Innistrad Remastered,inr,686073,5d42861d-4dff-41c6-83bb-d599230f7ed1,225
1,Witness Protection,Normal,NM,2025-03-07,EN,,,Foundations,fdn,679910,f231e981-0069-43ce-ac1c-c85ced613e93,168
2,Wretched Gryff,Normal,NM,2025-03-04,EN,,,Innistrad Remastered,inr,685821,722b519a-715d-4393-9d3c-97f329896ef4,7
1,Wretched Throng,Normal,NM,2025-03-04,EN,,,Innistrad Remastered,inr,685923,a8ecbf3e-24ea-4bce-b97b-7f96668f2e14,94
1,Young Wolf,Foil,NM,2025-03-04,EN,,,Innistrad Remastered,inr,686075,ed2ca825-b029-495f-83fc-54366229d417,227
1,Young Wolf,Foil,NM,2025-03-04,EN,,,Innistrad Remastered,inr,685685,5e1108d8-6dd5-4275-956d-4a787af16d0f,319
1,Young Wolf,Normal,NM,2025-03-04,EN,,,Innistrad Remastered,inr,688259,490bec65-fe8e-427c-a97b-c904bffbc637,425
1,Alms of the Vein,Normal,LP,2025-03-13,EN,1.85,,Shadows over Innistrad,soi,409845,79b80948-a3cd-4962-8fce-d58f2db7e68e,98
1,Boreal Druid,Normal,NM,2025-03-13,EN,1.95,,Coldsnap,csp,121193,473d3633-6dc7-4026-a50e-3ea76b9e8c20,105
1,Bounty of the Hunt,Normal,MP,2025-03-13,EN,0.50,,Alliances,all,3128,21ed522a-cf5a-41e1-9677-1226f689ec9c,85
1,Cast into the Fire,Normal,NM,2025-03-13,EN,0.62,,The Lord of the Rings: Tales of Middle-earth,ltr,616948,2ef878cb-27b6-47d8-ad11-bd20529b0e7e,118
1,Extract a Confession,Foil,LP,2025-03-13,EN,0.30,,Murders at Karlov Manor,mkm,646642,256c8b6e-4031-458b-8eb9-bbfe58405a0c,84
1,Grab the Prize,Foil,NM,2025-03-13,EN,0.30,,Duskmourn: House of Horror,dsk,673543,50895202-f1a1-4840-a11a-55b78b8b5929,138
1,Great Train Heist,Normal,NM,2025-03-13,EN,2.49,,Outlaws of Thunder Junction,otj,655066,357dd9b2-5d2d-49f6-86f0-f5c4d63474dd,125
1,Jagged Barrens,Normal,LP,2025-03-13,EN,1.75,,Outlaws of Thunder Junction,otj,655200,5d809f5b-d965-4cb1-a9f8-2048f8534373,259
3,Refurbished Familiar,Normal,NM,2025-03-13,EN,0.35,,Modern Horizons 3,mh3,662257,b338e078-629c-4cac-bd1d-e1f0a132728d,105
1,Refurbished Familiar,Foil,NM,2025-03-13,EN,0.30,,Modern Horizons 3,mh3,662257,b338e078-629c-4cac-bd1d-e1f0a132728d,105
1,Reiterate,Normal,NM,2025-03-13,EN,1.98,,Time Spiral Remastered,tsr,509547,99302c41-434f-41ff-a61a-2c3681a0c135,182
3,Sneaky Snacker,Normal,NM,2025-03-13,EN,0.35,,Modern Horizons 3,mh3,662357,0e3aedae-e4bb-48e3-9f8b-bea0430df306,205
1,Thirsting Roots,Normal,NM,2025-03-13,EN,0.35,,Phyrexia: All Will Be One,one,602715,75a4a340-453b-471a-82ba-48ebf20b271a,185
5,Mountain,Normal,NM,2025-03-03,en,,,Aetherdrift,dft,,653e2393-30a7-4e0c-bd20-f05ca0ba3cb6,
1,Mountain,Normal,NM,2025-03-03,de,,,Aetherdrift,dft,,653e2393-30a7-4e0c-bd20-f05ca0ba3cb6,
1,Mountain,Foil,NM,2025-03-03,de,,,Aetherdrift,dft,,653e2393-30a7-4e0c-bd20-f05ca0ba3cb6,
1,Mountain,Normal,NM,2025-03-03,de,,,Aetherdrift,dft,,c872e70c-626f-4d2c-b26b-d94f815fceea,
1,Mountain,Foil,NM,2025-03-03,de,,,Aetherdrift,dft,,c872e70c-626f-4d2c-b26b-d94f815fceea,
1,Mountain,Normal,NM,2025-03-03,de,,,Aetherdrift,dft,,fb76cb6c-2f4d-4ca2-876f-d49ea529e59b,
1,Mountain,Foil,NM,2025-03-03,de,,,Aetherdrift,dft,,fb76cb6c-2f4d-4ca2-876f-d49ea529e59b,
1,Mountain,Normal,NM,2025-03-03,de,,,Aetherdrift,dft,,50748a4c-43a0-4274-9a84-046d76027166,
1,Mountain,Foil,NM,2025-03-03,de,,,Aetherdrift,dft,,50748a4c-43a0-4274-9a84-046d76027166,
1,Swamp,Normal,NM,2025-03-03,de,,,Aetherdrift,dft,,85288987-6f3f-4b7b-9ecc-9393dd37f115,
1,Swamp,Foil,NM,2025-03-03,de,,,Aetherdrift,dft,,85288987-6f3f-4b7b-9ecc-9393dd37f115,
6,Swamp,Normal,NM,2025-03-03,en,,,Aetherdrift,dft,,73e124b6-3af7-41c0-b829-ff85aa0c3782,
2,Swamp,Normal,NM,2025-03-03,de,,,Aetherdrift,dft,,73e124b6-3af7-41c0-b829-ff85aa0c3782,
1,Swamp,Foil,NM,2025-03-03,de,,,Aetherdrift,dft,,73e124b6-3af7-41c0-b829-ff85aa0c3782,
1,Swamp,Normal,NM,2025-03-03,de,,,Aetherdrift,dft,,040d064e-b023-4750-afeb-1f58e36bc4ab,
1,Swamp,Foil,NM,2025-03-03,de,,,Aetherdrift,dft,,040d064e-b023-4750-afeb-1f58e36bc4ab,
1,Swamp,Normal,NM,2025-03-03,de,,,Aetherdrift,dft,,e969e168-e74c-4608-9fa0-a5660bf7fa02,
1,Swamp,Foil,NM,2025-03-03,de,,,Aetherdrift,dft,,e969e168-e74c-4608-9fa0-a5660bf7fa02,
6,Forest,Normal,NM,2025-03-03,en,,,Aetherdrift,dft,,562b16ae-8ae7-4b2d-9098-bf3ff1429f7b,
1,Forest,Normal,NM,2025-03-03,de,,,Aetherdrift,dft,,562b16ae-8ae7-4b2d-9098-bf3ff1429f7b,
1,Forest,Foil,NM,2025-03-03,de,,,Aetherdrift,dft,,562b16ae-8ae7-4b2d-9098-bf3ff1429f7b,
1,Forest,Normal,NM,2025-03-03,de,,,Aetherdrift,dft,,6472e2a6-287f-4e7c-ad85-1454e40d4a46,
2,Forest,Foil,NM,2025-03-03,de,,,Aetherdrift,dft,,6472e2a6-287f-4e7c-ad85-1454e40d4a46,
1,Forest,Normal,NM,2025-03-03,de,,,Aetherdrift,dft,,b69adddd-3626-45d6-8100-26cf1f314d00,
1,Forest,Foil,NM,2025-03-03,de,,,Aetherdrift,dft,,b69adddd-3626-45d6-8100-26cf1f314d00,
1,Forest,Normal,NM,2025-03-03,de,,,Aetherdrift,dft,,777e868d-cb88-4b8e-99d1-12ff67f5eae2,
1,Forest,Foil,NM,2025-03-03,de,,,Aetherdrift,dft,,777e868d-cb88-4b8e-99d1-12ff67f5eae2,
5,Island,Normal,NM,2025-03-03,en,,,Aetherdrift,dft,,7a3c4a9d-48db-474f-aeb6-8b4fa08ce6fa,
1,Island,Normal,NM,2025-03-03,de,,,Aetherdrift,dft,,7a3c4a9d-48db-474f-aeb6-8b4fa08ce6fa,
1,Island,Foil,NM,2025-03-03,de,,,Aetherdrift,dft,,7a3c4a9d-48db-474f-aeb6-8b4fa08ce6fa,
4,Island,Normal,NM,2025-03-03,en,,,Aetherdrift,dft,,f9369d0a-87c0-4c29-b43c-cd45c007f8d6,
1,Island,Normal,NM,2025-03-03,de,,,Aetherdrift,dft,,f9369d0a-87c0-4c29-b43c-cd45c007f8d6,
1,Island,Foil,NM,2025-03-03,de,,,Aetherdrift,dft,,f9369d0a-87c0-4c29-b43c-cd45c007f8d6,
1,Island,Normal,NM,2025-03-03,en,,,Aetherdrift,dft,,5a8e9b9e-4947-4b6a-b21b-6fe009760fc5,
2,Island,Normal,NM,2025-03-03,de,,,Aetherdrift,dft,,5a8e9b9e-4947-4b6a-b21b-6fe009760fc5,
1,Island,Foil,NM,2025-03-03,de,,,Aetherdrift,dft,,5a8e9b9e-4947-4b6a-b21b-6fe009760fc5,
1,Island,Normal,NM,2025-03-03,de,,,Aetherdrift,dft,,f53ed206-8ec4-46a6-8603-c819682e1433,
1,Island,Foil,NM,2025-03-03,de,,,Aetherdrift,dft,,f53ed206-8ec4-46a6-8603-c819682e1433,
1,Plains,Normal,NM,2025-03-03,de,,,Aetherdrift,dft,,a1cf2f81-3041-4349-9b37-f215c4e38c5b,
1,Plains,Foil,NM,2025-03-03,de,,,Aetherdrift,dft,,a1cf2f81-3041-4349-9b37-f215c4e38c5b,
5,Plains,Normal,NM,2025-03-03,en,,,Aetherdrift,dft,,4b97d2f5-498c-42db-95d9-f9002d4dfcc5,
1,Plains,Normal,NM,2025-03-03,de,,,Aetherdrift,dft,,4b97d2f5-498c-42db-95d9-f9002d4dfcc5,
1,Plains,Foil,NM,2025-03-03,de,,,Aetherdrift,dft,,4b97d2f5-498c-42db-95d9-f9002d4dfcc5,
1,Plains,Normal,NM,2025-03-03,de,,,Aetherdrift,dft,,464723b3-0723-45f2-a258-32d098c39039,
1,Plains,Foil,NM,2025-03-03,de,,,Aetherdrift,dft,,464723b3-0723-45f2-a258-32d098c39039,
1,Plains,Normal,NM,2025-03-03,en,,,Aetherdrift,dft,,2d2da8b9-797f-46e8-a15d-a86c7c56dc84,
2,Plains,Normal,NM,2025-03-03,de,,,Aetherdrift,dft,,2d2da8b9-797f-46e8-a15d-a86c7c56dc84,
1,Plains,Foil,NM,2025-03-03,de,,,Aetherdrift,dft,,2d2da8b9-797f-46e8-a15d-a86c7c56dc84,
